frequency,weight,count,label
2,50.0,4,1
25,28.735632183908045,87,1
2,2.2988505747126435,87,0
2,2.2988505747126435,87,0
2,2.2988505747126435,87,0
3,3.4482758620689653,87,0
3,3.4482758620689653,87,0
2,2.2988505747126435,87,0
6,6.896551724137931,87,0
