frequency,weight,count,label
2,3.7735849056603774,53,0
6,11.320754716981133,53,1
7,9.210526315789473,76,0
6,7.894736842105263,76,0
2,2.631578947368421,76,0
6,7.894736842105263,76,0
2,2.631578947368421,76,0
2,2.631578947368421,76,0
2,2.631578947368421,76,0
4,5.263157894736842,76,0
4,8.0,50,0
4,8.0,50,0
2,3.7735849056603774,53,0
8,15.09433962264151,53,1
3,6.25,48,0
6,12.5,48,1
6,13.636363636363635,44,1
2,2.3529411764705883,85,0
