frequency,weight,count,label
2,0.7434944237918215,269,0
6,2.2304832713754648,269,0
4,1.486988847583643,269,0
3,1.1152416356877324,269,0
2,0.7434944237918215,269,0
6,2.2304832713754648,269,0
5,1.858736059479554,269,0
7,2.6022304832713754,269,0
2,0.7434944237918215,269,0
2,0.7434944237918215,269,0
2,2.272727272727273,88,0
3,3.4090909090909087,88,0
4,4.545454545454546,88,0
2,2.272727272727273,88,0
